id;description;startDate;endDate;additionalComments;difficultyLevel;category_id;estimatedHours;beneficiary_id
60880c51-e993-4b14-86c3-b8fc4f210ed5;Fusce consequat. Nulla nisl. Nunc nisl.;2018-01-18T15:54:53Z;2018-01-18T15:54:53Z;Praesent blandit. Nam nulla. Integer pede justo, lacinia eget, tincidunt eget, tempus vel, pede.;4;3;4;2eace2bb-4871-4696-875d-9484f7291d75
ef8acf66-e941-464b-ae98-27c8776848a4;Phasellus sit amet erat. Nulla tempus. Vivamus in felis eu sapien cursus vestibulum.;2019-05-15T10:41:23Z;2019-05-15T10:41:23Z;Integer tincidunt ante vel ipsum. Praesent blandit lacinia erat. Vestibulum sed magna at nunc commodo placerat.;3;1;5;c518be09-08a7-41bb-a32d-690ed6e5046a
4fe46b45-6853-4f68-b4ef-218727be26dc;Proin leo odio, porttitor id, consequat in, consequat ut, nulla. Sed accumsan felis. Ut at dolor quis odio consequat varius.;2019-08-26T03:21:48Z;2019-08-26T03:21:48Z;Praesent id massa id nisl venenatis lacinia. Aenean sit amet justo. Morbi ut odio.;5;3;5;3a48c513-1a33-4509-bc8b-4cecaa9eb143
611eb7d1-4686-4f0f-a8ab-98c82783351e;Praesent id massa id nisl venenatis lacinia. Aenean sit amet justo. Morbi ut odio.;2020-10-28T18:21:48Z;2020-10-28T18:21:48Z;In sagittis dui vel nisl. Duis ac nibh. Fusce lacus purus, aliquet at, feugiat non, pretium quis, lectus.;5;2;5;c518be09-08a7-41bb-a32d-690ed6e5046a
bcd30f70-a96a-4722-9cd1-b389d3ce5d75;Curabitur gravida nisi at nibh. In hac habitasse platea dictumst. Aliquam augue quam, sollicitudin vitae, consectetuer eget, rutrum at, lorem.;2020-09-15T02:31:41Z;2020-09-15T02:31:41Z;Pellentesque at nulla. Suspendisse potenti. Cras in purus eu magna vulputate luctus.;3;3;3;8333b764-8252-4e16-ab4a-34163af0d61f
efe99381-e085-4e72-8fec-5a6178dbfba7;Aliquam quis turpis eget elit sodales scelerisque. Mauris sit amet eros. Suspendisse accumsan tortor quis turpis.;2020-12-10T15:38:37Z;2020-12-10T15:38:37Z;Duis bibendum. Morbi non quam nec dui luctus rutrum. Nulla tellus.;2;3;3;a741d85b-d6db-4b3b-b871-79acf9ef52cb
1268d4a5-1613-4748-8809-45058806a1b8;Proin leo odio, porttitor id, consequat in, consequat ut, nulla. Sed accumsan felis. Ut at dolor quis odio consequat varius.;2019-11-03T06:25:42Z;2019-11-03T06:25:42Z;Fusce consequat. Nulla nisl. Nunc nisl.;2;3;1;2eace2bb-4871-4696-875d-9484f7291d75
bf573a6a-183e-4170-bee6-7a86ef6e8642;In sagittis dui vel nisl. Duis ac nibh. Fusce lacus purus, aliquet at, feugiat non, pretium quis, lectus.;2019-08-17T12:54:16Z;2019-08-17T12:54:16Z;Aliquam quis turpis eget elit sodales scelerisque. Mauris sit amet eros. Suspendisse accumsan tortor quis turpis.;3;2;2;8333b764-8252-4e16-ab4a-34163af0d61f
f21d908d-489b-40da-b811-fcb4e0a6b29d;Maecenas leo odio, condimentum id, luctus nec, molestie sed, justo. Pellentesque viverra pede ac diam. Cras pellentesque volutpat dui.;2020-10-15T06:56:36Z;2020-10-15T06:56:36Z;Integer tincidunt ante vel ipsum. Praesent blandit lacinia erat. Vestibulum sed magna at nunc commodo placerat.;1;3;4;11539e8c-a4df-4337-8b9c-5c0474c854b4
63a5cfbc-ea3d-4b40-bce6-3fcf02d9e4c7;Integer ac leo. Pellentesque ultrices mattis odio. Donec vitae nisi.;2019-10-15T01:55:07Z;2019-10-15T01:55:07Z;Proin leo odio, porttitor id, consequat in, consequat ut, nulla. Sed accumsan felis. Ut at dolor quis odio consequat varius.;1;2;2;11539e8c-a4df-4337-8b9c-5c0474c854b4
00bc2b24-fc2e-442f-85ae-183849c9bf32;Proin leo odio, porttitor id, consequat in, consequat ut, nulla. Sed accumsan felis. Ut at dolor quis odio consequat varius.;2018-06-18T05:50:13Z;2018-06-18T05:50:13Z;In hac habitasse platea dictumst. Morbi vestibulum, velit id pretium iaculis, diam erat fermentum justo, nec condimentum neque sapien placerat ante. Nulla justo.;2;3;3;11539e8c-a4df-4337-8b9c-5c0474c854b4
d981f7d9-57ad-4c2b-b7d1-efb3daa2d597;In hac habitasse platea dictumst. Morbi vestibulum, velit id pretium iaculis, diam erat fermentum justo, nec condimentum neque sapien placerat ante. Nulla justo.;2019-07-01T02:29:27Z;2019-07-01T02:29:27Z;Proin interdum mauris non ligula pellentesque ultrices. Phasellus id sapien in sapien iaculis congue. Vivamus metus arcu, adipiscing molestie, hendrerit at, vulputate vitae, nisl.;3;3;1;3a48c513-1a33-4509-bc8b-4cecaa9eb143
c7f1d47a-44be-4ff8-997c-46e75b20eec7;Pellentesque at nulla. Suspendisse potenti. Cras in purus eu magna vulputate luctus.;2018-04-11T09:36:33Z;2018-04-11T09:36:33Z;Maecenas ut massa quis augue luctus tincidunt. Nulla mollis molestie lorem. Quisque ut erat.;5;5;4;3a48c513-1a33-4509-bc8b-4cecaa9eb143
6dd10809-47ff-45d7-aab3-58a19279d40b;Sed sagittis. Nam congue, risus semper porta volutpat, quam pede lobortis ligula, sit amet eleifend pede libero quis orci. Nullam molestie nibh in lectus.;2020-06-24T06:35:15Z;2020-06-24T06:35:15Z;Cras non velit nec nisi vulputate nonummy. Maecenas tincidunt lacus at velit. Vivamus vel nulla eget eros elementum pellentesque.;1;2;5;c518be09-08a7-41bb-a32d-690ed6e5046a
8cdc07da-250e-4049-8cd1-e01fc849d5b7;Cras non velit nec nisi vulputate nonummy. Maecenas tincidunt lacus at velit. Vivamus vel nulla eget eros elementum pellentesque.;2018-10-30T03:54:56Z;2018-10-30T03:54:56Z;In hac habitasse platea dictumst. Morbi vestibulum, velit id pretium iaculis, diam erat fermentum justo, nec condimentum neque sapien placerat ante. Nulla justo.;2;3;2;a20f3ffb-09a1-48aa-a9f6-7183584944d7
7e3e4f1a-9992-49ae-a4ab-bafc33854613;Phasellus sit amet erat. Nulla tempus. Vivamus in felis eu sapien cursus vestibulum.;2020-10-06T07:56:51Z;2020-10-06T07:56:51Z;Sed ante. Vivamus tortor. Duis mattis egestas metus.;3;3;4;8333b764-8252-4e16-ab4a-34163af0d61f
f5c53b15-aa01-48ae-a539-0bcb77fda047;Quisque porta volutpat erat. Quisque erat eros, viverra eget, congue eget, semper rutrum, nulla. Nunc purus.;2018-05-13T03:18:42Z;2018-05-13T03:18:42Z;Curabitur at ipsum ac tellus semper interdum. Mauris ullamcorper purus sit amet nulla. Quisque arcu libero, rutrum ac, lobortis vel, dapibus at, diam.;2;3;5;8333b764-8252-4e16-ab4a-34163af0d61f
19ef5d62-5e41-4661-bd89-dad770aada05;In sagittis dui vel nisl. Duis ac nibh. Fusce lacus purus, aliquet at, feugiat non, pretium quis, lectus.;2020-03-28T02:51:02Z;2020-03-28T02:51:02Z;Quisque porta volutpat erat. Quisque erat eros, viverra eget, congue eget, semper rutrum, nulla. Nunc purus.;5;2;1;8a1935d7-26e6-4e36-94ff-765d0f2304f1
61876c81-c2fe-403d-8a87-0927e5635f59;In congue. Etiam justo. Etiam pretium iaculis justo.;2018-03-11T10:08:18Z;2018-03-11T10:08:18Z;Duis bibendum, felis sed interdum venenatis, turpis enim blandit mi, in porttitor pede justo eu massa. Donec dapibus. Duis at velit eu est congue elementum.;2;5;2;a741d85b-d6db-4b3b-b871-79acf9ef52cb
17dffb36-8abf-42d0-9466-a0b4386a1b1d;Aenean lectus. Pellentesque eget nunc. Donec quis orci eget orci vehicula condimentum.;2019-09-04T21:48:52Z;2019-09-04T21:48:52Z;Phasellus in felis. Donec semper sapien a libero. Nam dui.;3;4;2;1100b07f-e203-43e5-9f0d-93f2e1a28cfb
7c412b1c-a481-4072-b74a-9bbbba403c96;Proin eu mi. Nulla ac enim. In tempor, turpis nec euismod scelerisque, quam turpis adipiscing lorem, vitae mattis nibh ligula nec sem.;2020-02-18T08:31:31Z;2020-02-18T08:31:31Z;Cum sociis natoque penatibus et magnis dis parturient montes, nascetur ridiculus mus. Vivamus vestibulum sagittis sapien. Cum sociis natoque penatibus et magnis dis parturient montes, nascetur ridiculus mus.;5;4;4;c518be09-08a7-41bb-a32d-690ed6e5046a
53fc60f7-3070-427e-822e-0aed406670b6;Lorem ipsum dolor sit amet, consectetuer adipiscing elit. Proin risus. Praesent lectus.;2019-04-20T05:44:12Z;2019-04-20T05:44:12Z;Fusce consequat. Nulla nisl. Nunc nisl.;3;1;3;a741d85b-d6db-4b3b-b871-79acf9ef52cb
d36be105-e513-485a-a002-1f46fdac3ff4;In congue. Etiam justo. Etiam pretium iaculis justo.;2018-03-06T07:12:30Z;2018-03-06T07:12:30Z;"Vestibulum quam sapien, varius ut, blandit non, interdum in, ante. Vestibulum ante ipsum primis in faucibus orci luctus et ultrices posuere cubilia Curae; Duis faucibus accumsan odio. Curabitur convallis.";5;5;4;c518be09-08a7-41bb-a32d-690ed6e5046a
2706d2b6-96db-49a0-b8bd-024b73583df6;Praesent blandit. Nam nulla. Integer pede justo, lacinia eget, tincidunt eget, tempus vel, pede.;2020-12-20T16:11:08Z;2020-12-20T16:11:08Z;"Vestibulum quam sapien, varius ut, blandit non, interdum in, ante. Vestibulum ante ipsum primis in faucibus orci luctus et ultrices posuere cubilia Curae; Duis faucibus accumsan odio. Curabitur convallis.";2;4;2;a741d85b-d6db-4b3b-b871-79acf9ef52cb
ca34aafa-2615-4ff9-87cc-e8e4a037753e;Cum sociis natoque penatibus et magnis dis parturient montes, nascetur ridiculus mus. Vivamus vestibulum sagittis sapien. Cum sociis natoque penatibus et magnis dis parturient montes, nascetur ridiculus mus.;2019-12-11T19:25:51Z;2019-12-11T19:25:51Z;Nam ultrices, libero non mattis pulvinar, nulla pede ullamcorper augue, a suscipit nulla elit ac nulla. Sed vel enim sit amet nunc viverra dapibus. Nulla suscipit ligula in lacus.;2;4;5;8333b764-8252-4e16-ab4a-34163af0d61f
e796af58-86a1-4a7b-83a5-c4c0343353c5;Lorem ipsum dolor sit amet, consectetuer adipiscing elit. Proin risus. Praesent lectus.;2018-04-27T17:06:36Z;2018-04-27T17:06:36Z;Phasellus sit amet erat. Nulla tempus. Vivamus in felis eu sapien cursus vestibulum.;4;4;4;c518be09-08a7-41bb-a32d-690ed6e5046a
f971d09a-8897-44c9-8c90-8ecde72f159a;Maecenas leo odio, condimentum id, luctus nec, molestie sed, justo. Pellentesque viverra pede ac diam. Cras pellentesque volutpat dui.;2019-04-30T08:33:17Z;2019-04-30T08:33:17Z;Nullam sit amet turpis elementum ligula vehicula consequat. Morbi a ipsum. Integer a nibh.;1;3;1;c518be09-08a7-41bb-a32d-690ed6e5046a
f59bacd4-35b7-4dae-bffb-d26032b83a40;Nullam porttitor lacus at turpis. Donec posuere metus vitae ipsum. Aliquam non mauris.;2020-05-22T03:49:37Z;2020-05-22T03:49:37Z;Proin eu mi. Nulla ac enim. In tempor, turpis nec euismod scelerisque, quam turpis adipiscing lorem, vitae mattis nibh ligula nec sem.;2;2;3;2eace2bb-4871-4696-875d-9484f7291d75
1ed15f37-6aa3-4816-995e-ac306fe993b1;Integer ac leo. Pellentesque ultrices mattis odio. Donec vitae nisi.;2020-04-14T06:21:33Z;2020-04-14T06:21:33Z;Praesent blandit. Nam nulla. Integer pede justo, lacinia eget, tincidunt eget, tempus vel, pede.;3;1;1;2eace2bb-4871-4696-875d-9484f7291d75
dd441edf-9772-46e4-9cc6-e6f64f9e119f;Integer ac leo. Pellentesque ultrices mattis odio. Donec vitae nisi.;2019-07-04T01:14:57Z;2019-07-04T01:14:57Z;Duis aliquam convallis nunc. Proin at turpis a pede posuere nonummy. Integer non velit.;3;4;2;46b01037-6029-449d-b48f-8d8f9308c192
bae210f3-6d97-4f2e-889d-8e4605e3b219;Nulla ut erat id mauris vulputate elementum. Nullam varius. Nulla facilisi.;2019-08-25T10:13:57Z;2019-08-25T10:13:57Z;Curabitur at ipsum ac tellus semper interdum. Mauris ullamcorper purus sit amet nulla. Quisque arcu libero, rutrum ac, lobortis vel, dapibus at, diam.;2;4;4;c518be09-08a7-41bb-a32d-690ed6e5046a
1ab599e3-f826-4220-abf2-d725ab64cad7;Quisque porta volutpat erat. Quisque erat eros, viverra eget, congue eget, semper rutrum, nulla. Nunc purus.;2020-08-05T20:09:03Z;2020-08-05T20:09:03Z;Proin interdum mauris non ligula pellentesque ultrices. Phasellus id sapien in sapien iaculis congue. Vivamus metus arcu, adipiscing molestie, hendrerit at, vulputate vitae, nisl.;5;2;5;1100b07f-e203-43e5-9f0d-93f2e1a28cfb
4455f762-3b64-46e4-ab21-2faa75c351e6;Sed ante. Vivamus tortor. Duis mattis egestas metus.;2018-11-23T00:29:14Z;2018-11-23T00:29:14Z;Nam ultrices, libero non mattis pulvinar, nulla pede ullamcorper augue, a suscipit nulla elit ac nulla. Sed vel enim sit amet nunc viverra dapibus. Nulla suscipit ligula in lacus.;4;3;2;a20f3ffb-09a1-48aa-a9f6-7183584944d7
6054b572-897c-462f-98e7-b2ab5cfa1193;Maecenas leo odio, condimentum id, luctus nec, molestie sed, justo. Pellentesque viverra pede ac diam. Cras pellentesque volutpat dui.;2020-06-26T00:29:42Z;2020-06-26T00:29:42Z;Nullam porttitor lacus at turpis. Donec posuere metus vitae ipsum. Aliquam non mauris.;3;2;5;8333b764-8252-4e16-ab4a-34163af0d61f
9a192542-5f26-47fa-96b1-e82810e2d5df;Integer ac leo. Pellentesque ultrices mattis odio. Donec vitae nisi.;2019-07-01T00:34:40Z;2019-07-01T00:34:40Z;Curabitur in libero ut massa volutpat convallis. Morbi odio odio, elementum eu, interdum eu, tincidunt in, leo. Maecenas pulvinar lobortis est.;2;5;1;c518be09-08a7-41bb-a32d-690ed6e5046a
dfdd6a30-b16c-4a4b-b849-813e279badb9;Curabitur gravida nisi at nibh. In hac habitasse platea dictumst. Aliquam augue quam, sollicitudin vitae, consectetuer eget, rutrum at, lorem.;2019-06-12T05:33:36Z;2019-06-12T05:33:36Z;Sed ante. Vivamus tortor. Duis mattis egestas metus.;4;1;3;8a1935d7-26e6-4e36-94ff-765d0f2304f1
37ce5053-9c0f-45d8-9232-3839679d57aa;Curabitur gravida nisi at nibh. In hac habitasse platea dictumst. Aliquam augue quam, sollicitudin vitae, consectetuer eget, rutrum at, lorem.;2018-12-09T00:51:05Z;2018-12-09T00:51:05Z;Maecenas ut massa quis augue luctus tincidunt. Nulla mollis molestie lorem. Quisque ut erat.;4;3;4;46b01037-6029-449d-b48f-8d8f9308c192
c432e344-0e6a-4926-8fa9-9d3eef645678;Aenean fermentum. Donec ut mauris eget massa tempor convallis. Nulla neque libero, convallis eget, eleifend luctus, ultricies eu, nibh.;2020-12-05T02:00:51Z;2020-12-05T02:00:51Z;Duis consequat dui nec nisi volutpat eleifend. Donec ut dolor. Morbi vel lectus in quam fringilla rhoncus.;4;4;2;c518be09-08a7-41bb-a32d-690ed6e5046a
6d0f5caf-a634-42d1-aa2a-f6fc898ecc96;Aenean fermentum. Donec ut mauris eget massa tempor convallis. Nulla neque libero, convallis eget, eleifend luctus, ultricies eu, nibh.;2018-12-01T11:16:50Z;2018-12-01T11:16:50Z;Nullam sit amet turpis elementum ligula vehicula consequat. Morbi a ipsum. Integer a nibh.;2;2;2;2eace2bb-4871-4696-875d-9484f7291d75
7abc5e2a-18fb-47ff-a286-55b186c9155b;Vestibulum ac est lacinia nisi venenatis tristique. Fusce congue, diam id ornare imperdiet, sapien urna pretium nisl, ut volutpat sapien arcu sed augue. Aliquam erat volutpat.;2019-03-19T02:10:22Z;2019-03-19T02:10:22Z;Duis bibendum. Morbi non quam nec dui luctus rutrum. Nulla tellus.;1;4;4;a20f3ffb-09a1-48aa-a9f6-7183584944d7
9064ffcd-1092-40e6-b399-300b6211d11c;Fusce posuere felis sed lacus. Morbi sem mauris, laoreet ut, rhoncus aliquet, pulvinar sed, nisl. Nunc rhoncus dui vel sem.;2018-08-08T01:05:44Z;2018-08-08T01:05:44Z;Duis aliquam convallis nunc. Proin at turpis a pede posuere nonummy. Integer non velit.;3;3;1;3a48c513-1a33-4509-bc8b-4cecaa9eb143
1f8e9868-571b-4c0e-b4af-d0813aaec565;Duis consequat dui nec nisi volutpat eleifend. Donec ut dolor. Morbi vel lectus in quam fringilla rhoncus.;2019-02-22T19:13:06Z;2019-02-22T19:13:06Z;Fusce consequat. Nulla nisl. Nunc nisl.;5;4;1;a20f3ffb-09a1-48aa-a9f6-7183584944d7
34e63363-a8fe-4701-8e43-add038ea89f7;Mauris enim leo, rhoncus sed, vestibulum sit amet, cursus id, turpis. Integer aliquet, massa id lobortis convallis, tortor risus dapibus augue, vel accumsan tellus nisi eu orci. Mauris lacinia sapien quis libero.;2019-06-09T18:35:43Z;2019-06-09T18:35:43Z;Cum sociis natoque penatibus et magnis dis parturient montes, nascetur ridiculus mus. Vivamus vestibulum sagittis sapien. Cum sociis natoque penatibus et magnis dis parturient montes, nascetur ridiculus mus.;1;4;3;2eace2bb-4871-4696-875d-9484f7291d75
3f8dd1d0-21c2-4423-ae06-b69584bd37bf;Maecenas leo odio, condimentum id, luctus nec, molestie sed, justo. Pellentesque viverra pede ac diam. Cras pellentesque volutpat dui.;2018-12-20T15:46:10Z;2018-12-20T15:46:10Z;Aenean fermentum. Donec ut mauris eget massa tempor convallis. Nulla neque libero, convallis eget, eleifend luctus, ultricies eu, nibh.;1;2;3;11539e8c-a4df-4337-8b9c-5c0474c854b4
6778112e-eb5e-4d96-b4b5-1af8d9602ad8;Maecenas ut massa quis augue luctus tincidunt. Nulla mollis molestie lorem. Quisque ut erat.;2019-11-03T09:12:03Z;2019-11-03T09:12:03Z;In sagittis dui vel nisl. Duis ac nibh. Fusce lacus purus, aliquet at, feugiat non, pretium quis, lectus.;2;1;5;3a48c513-1a33-4509-bc8b-4cecaa9eb143
ccf9ad59-7b13-476e-8401-db4d96893f49;Maecenas leo odio, condimentum id, luctus nec, molestie sed, justo. Pellentesque viverra pede ac diam. Cras pellentesque volutpat dui.;2019-04-01T01:54:22Z;2019-04-01T01:54:22Z;Fusce consequat. Nulla nisl. Nunc nisl.;1;2;1;3a48c513-1a33-4509-bc8b-4cecaa9eb143
e341c9e6-de77-4203-9f68-e5ba94e280bd;Duis bibendum, felis sed interdum venenatis, turpis enim blandit mi, in porttitor pede justo eu massa. Donec dapibus. Duis at velit eu est congue elementum.;2018-05-13T22:38:04Z;2018-05-13T22:38:04Z;In hac habitasse platea dictumst. Morbi vestibulum, velit id pretium iaculis, diam erat fermentum justo, nec condimentum neque sapien placerat ante. Nulla justo.;2;1;2;c518be09-08a7-41bb-a32d-690ed6e5046a
b0982c0c-8026-4e91-8470-b58f4c0c60d7;Fusce consequat. Nulla nisl. Nunc nisl.;2020-05-29T11:28:32Z;2020-05-29T11:28:32Z;Phasellus in felis. Donec semper sapien a libero. Nam dui.;2;1;5;8a1935d7-26e6-4e36-94ff-765d0f2304f1
164af5db-6c5b-4c0d-a353-5707da04ace0;In congue. Etiam justo. Etiam pretium iaculis justo.;2019-04-21T03:25:02Z;2019-04-21T03:25:02Z;Fusce consequat. Nulla nisl. Nunc nisl.;2;2;1;a20f3ffb-09a1-48aa-a9f6-7183584944d7
a25f80d7-5b62-48c1-ba29-34c4fbf28ed4;Proin eu mi. Nulla ac enim. In tempor, turpis nec euismod scelerisque, quam turpis adipiscing lorem, vitae mattis nibh ligula nec sem.;2020-10-24T11:09:40Z;2020-10-24T11:09:40Z;Morbi non lectus. Aliquam sit amet diam in magna bibendum imperdiet. Nullam orci pede, venenatis non, sodales sed, tincidunt eu, felis.;2;4;3;8333b764-8252-4e16-ab4a-34163af0d61f
368d0ade-7dad-4d18-9eef-7ceffbda7c39;Quisque porta volutpat erat. Quisque erat eros, viverra eget, congue eget, semper rutrum, nulla. Nunc purus.;2019-07-13T15:40:21Z;2019-07-13T15:40:21Z;In hac habitasse platea dictumst. Etiam faucibus cursus urna. Ut tellus.;2;3;5;1100b07f-e203-43e5-9f0d-93f2e1a28cfb
037396c5-c7f3-489e-a272-3d5547d027da;In congue. Etiam justo. Etiam pretium iaculis justo.;2019-07-19T23:09:58Z;2019-07-19T23:09:58Z;Duis consequat dui nec nisi volutpat eleifend. Donec ut dolor. Morbi vel lectus in quam fringilla rhoncus.;2;2;5;1100b07f-e203-43e5-9f0d-93f2e1a28cfb
bfea7e3c-0ca0-4395-8a87-0985a5e3258f;Nullam sit amet turpis elementum ligula vehicula consequat. Morbi a ipsum. Integer a nibh.;2020-06-23T04:15:31Z;2020-06-23T04:15:31Z;Cras mi pede, malesuada in, imperdiet et, commodo vulputate, justo. In blandit ultrices enim. Lorem ipsum dolor sit amet, consectetuer adipiscing elit.;4;2;1;a20f3ffb-09a1-48aa-a9f6-7183584944d7
e81f01ef-78fb-460c-830e-1e56676cdad5;Lorem ipsum dolor sit amet, consectetuer adipiscing elit. Proin risus. Praesent lectus.;2020-09-27T22:30:17Z;2020-09-27T22:30:17Z;Fusce posuere felis sed lacus. Morbi sem mauris, laoreet ut, rhoncus aliquet, pulvinar sed, nisl. Nunc rhoncus dui vel sem.;2;4;3;a741d85b-d6db-4b3b-b871-79acf9ef52cb
e595c192-1d7f-4500-ae35-80272bd06f08;Sed ante. Vivamus tortor. Duis mattis egestas metus.;2020-02-28T15:36:14Z;2020-02-28T15:36:14Z;Maecenas leo odio, condimentum id, luctus nec, molestie sed, justo. Pellentesque viverra pede ac diam. Cras pellentesque volutpat dui.;5;5;2;1100b07f-e203-43e5-9f0d-93f2e1a28cfb
dbddcf78-8430-424b-9d2d-0f835e0f5ca4;"Vestibulum quam sapien, varius ut, blandit non, interdum in, ante. Vestibulum ante ipsum primis in faucibus orci luctus et ultrices posuere cubilia Curae; Duis faucibus accumsan odio. Curabitur convallis.";2020-09-17T01:21:40Z;2020-09-17T01:21:40Z;Curabitur gravida nisi at nibh. In hac habitasse platea dictumst. Aliquam augue quam, sollicitudin vitae, consectetuer eget, rutrum at, lorem.;2;5;5;3a48c513-1a33-4509-bc8b-4cecaa9eb143
93e7a277-1385-44ef-ad98-003e6be7a07d;Phasellus in felis. Donec semper sapien a libero. Nam dui.;2018-04-23T22:20:31Z;2018-04-23T22:20:31Z;Integer ac leo. Pellentesque ultrices mattis odio. Donec vitae nisi.;5;4;5;11539e8c-a4df-4337-8b9c-5c0474c854b4
49929228-7668-4d22-8103-800ff9106b2c;Etiam vel augue. Vestibulum rutrum rutrum neque. Aenean auctor gravida sem.;2019-08-03T03:59:57Z;2019-08-03T03:59:57Z;Quisque porta volutpat erat. Quisque erat eros, viverra eget, congue eget, semper rutrum, nulla. Nunc purus.;5;5;3;3a48c513-1a33-4509-bc8b-4cecaa9eb143
5af2e2a4-5cc2-4f7a-aada-5f2b531d60fb;Aenean fermentum. Donec ut mauris eget massa tempor convallis. Nulla neque libero, convallis eget, eleifend luctus, ultricies eu, nibh.;2018-01-06T09:17:26Z;2018-01-06T09:17:26Z;Lorem ipsum dolor sit amet, consectetuer adipiscing elit. Proin risus. Praesent lectus.;2;5;2;a741d85b-d6db-4b3b-b871-79acf9ef52cb
b0335b4d-5a60-44ac-a721-eb3c8d95b4f2;Praesent blandit. Nam nulla. Integer pede justo, lacinia eget, tincidunt eget, tempus vel, pede.;2018-09-13T13:55:53Z;2018-09-13T13:55:53Z;Curabitur at ipsum ac tellus semper interdum. Mauris ullamcorper purus sit amet nulla. Quisque arcu libero, rutrum ac, lobortis vel, dapibus at, diam.;1;4;5;a20f3ffb-09a1-48aa-a9f6-7183584944d7
46ab43ed-4e2e-476c-9f27-0503ba894afe;In hac habitasse platea dictumst. Etiam faucibus cursus urna. Ut tellus.;2018-09-22T07:36:47Z;2018-09-22T07:36:47Z;Morbi non lectus. Aliquam sit amet diam in magna bibendum imperdiet. Nullam orci pede, venenatis non, sodales sed, tincidunt eu, felis.;1;2;4;2eace2bb-4871-4696-875d-9484f7291d75
ed05c72e-3f64-48cc-a50f-f442bbcd69ab;Maecenas leo odio, condimentum id, luctus nec, molestie sed, justo. Pellentesque viverra pede ac diam. Cras pellentesque volutpat dui.;2020-03-10T17:22:31Z;2020-03-10T17:22:31Z;Sed ante. Vivamus tortor. Duis mattis egestas metus.;2;4;5;2eace2bb-4871-4696-875d-9484f7291d75
6d6571b9-a4f7-499b-a907-c0ebbbae4773;Suspendisse potenti. In eleifend quam a odio. In hac habitasse platea dictumst.;2018-12-21T08:47:24Z;2018-12-21T08:47:24Z;Morbi non lectus. Aliquam sit amet diam in magna bibendum imperdiet. Nullam orci pede, venenatis non, sodales sed, tincidunt eu, felis.;3;1;4;3a48c513-1a33-4509-bc8b-4cecaa9eb143
5070c913-a64d-4659-bd68-ccbedd2f5b80;Nullam sit amet turpis elementum ligula vehicula consequat. Morbi a ipsum. Integer a nibh.;2020-03-31T16:20:05Z;2020-03-31T16:20:05Z;"Vestibulum quam sapien, varius ut, blandit non, interdum in, ante. Vestibulum ante ipsum primis in faucibus orci luctus et ultrices posuere cubilia Curae; Duis faucibus accumsan odio. Curabitur convallis.";3;2;2;a20f3ffb-09a1-48aa-a9f6-7183584944d7
bebb2e7a-dc02-4eb5-a723-3accfb1d103e;Maecenas leo odio, condimentum id, luctus nec, molestie sed, justo. Pellentesque viverra pede ac diam. Cras pellentesque volutpat dui.;2020-05-31T21:39:04Z;2020-05-31T21:39:04Z;Morbi non lectus. Aliquam sit amet diam in magna bibendum imperdiet. Nullam orci pede, venenatis non, sodales sed, tincidunt eu, felis.;3;4;3;46b01037-6029-449d-b48f-8d8f9308c192
19fc5e5d-bb28-4ff8-8fbf-e8b971fe8164;In quis justo. Maecenas rhoncus aliquam lacus. Morbi quis tortor id nulla ultrices aliquet.;2020-03-25T04:14:20Z;2020-03-25T04:14:20Z;Phasellus in felis. Donec semper sapien a libero. Nam dui.;2;1;4;c518be09-08a7-41bb-a32d-690ed6e5046a
8841d94f-3d91-4b8e-90eb-0283e95e8e59;Duis consequat dui nec nisi volutpat eleifend. Donec ut dolor. Morbi vel lectus in quam fringilla rhoncus.;2020-07-31T20:44:54Z;2020-07-31T20:44:54Z;Suspendisse potenti. In eleifend quam a odio. In hac habitasse platea dictumst.;5;1;4;c518be09-08a7-41bb-a32d-690ed6e5046a
4bb70763-f91e-489c-83f5-9fba46488699;Quisque porta volutpat erat. Quisque erat eros, viverra eget, congue eget, semper rutrum, nulla. Nunc purus.;2018-07-17T18:59:44Z;2018-07-17T18:59:44Z;Quisque porta volutpat erat. Quisque erat eros, viverra eget, congue eget, semper rutrum, nulla. Nunc purus.;5;3;5;3a48c513-1a33-4509-bc8b-4cecaa9eb143
3e553216-6cc5-41e0-9633-f510da54753e;Suspendisse potenti. In eleifend quam a odio. In hac habitasse platea dictumst.;2018-09-16T13:40:52Z;2018-09-16T13:40:52Z;Cum sociis natoque penatibus et magnis dis parturient montes, nascetur ridiculus mus. Vivamus vestibulum sagittis sapien. Cum sociis natoque penatibus et magnis dis parturient montes, nascetur ridiculus mus.;2;4;1;1100b07f-e203-43e5-9f0d-93f2e1a28cfb
aadc33da-a421-493c-928a-17f5392ce6be;Curabitur at ipsum ac tellus semper interdum. Mauris ullamcorper purus sit amet nulla. Quisque arcu libero, rutrum ac, lobortis vel, dapibus at, diam.;2020-02-05T22:23:23Z;2020-02-05T22:23:23Z;Quisque porta volutpat erat. Quisque erat eros, viverra eget, congue eget, semper rutrum, nulla. Nunc purus.;2;3;2;1100b07f-e203-43e5-9f0d-93f2e1a28cfb
25b8df52-4395-467a-b801-af74b4322271;Nulla ut erat id mauris vulputate elementum. Nullam varius. Nulla facilisi.;2020-06-11T23:48:34Z;2020-06-11T23:48:34Z;Phasellus sit amet erat. Nulla tempus. Vivamus in felis eu sapien cursus vestibulum.;3;2;5;8333b764-8252-4e16-ab4a-34163af0d61f
67baddf8-a936-4430-8712-92bf91c289f1;Praesent id massa id nisl venenatis lacinia. Aenean sit amet justo. Morbi ut odio.;2018-09-03T05:49:42Z;2018-09-03T05:49:42Z;Sed ante. Vivamus tortor. Duis mattis egestas metus.;4;1;3;8a1935d7-26e6-4e36-94ff-765d0f2304f1
e137f0f1-9fcd-43ac-b553-ad425d6961ce;Duis consequat dui nec nisi volutpat eleifend. Donec ut dolor. Morbi vel lectus in quam fringilla rhoncus.;2018-01-21T17:31:59Z;2018-01-21T17:31:59Z;Curabitur at ipsum ac tellus semper interdum. Mauris ullamcorper purus sit amet nulla. Quisque arcu libero, rutrum ac, lobortis vel, dapibus at, diam.;4;2;5;2eace2bb-4871-4696-875d-9484f7291d75
45dbb139-da4e-4813-9e10-fde9f2a4db50;Sed ante. Vivamus tortor. Duis mattis egestas metus.;2018-09-02T18:38:24Z;2018-09-02T18:38:24Z;Etiam vel augue. Vestibulum rutrum rutrum neque. Aenean auctor gravida sem.;5;5;2;11539e8c-a4df-4337-8b9c-5c0474c854b4
1b4e0a9f-c5fe-4aaa-a834-728bf06cf47f;Mauris enim leo, rhoncus sed, vestibulum sit amet, cursus id, turpis. Integer aliquet, massa id lobortis convallis, tortor risus dapibus augue, vel accumsan tellus nisi eu orci. Mauris lacinia sapien quis libero.;2018-03-10T10:04:53Z;2018-03-10T10:04:53Z;Pellentesque at nulla. Suspendisse potenti. Cras in purus eu magna vulputate luctus.;4;5;5;3a48c513-1a33-4509-bc8b-4cecaa9eb143
6dd57cb0-d7cd-49e5-9ba1-4e3cebc01cd2;Vestibulum ac est lacinia nisi venenatis tristique. Fusce congue, diam id ornare imperdiet, sapien urna pretium nisl, ut volutpat sapien arcu sed augue. Aliquam erat volutpat.;2020-04-11T08:36:09Z;2020-04-11T08:36:09Z;In hac habitasse platea dictumst. Morbi vestibulum, velit id pretium iaculis, diam erat fermentum justo, nec condimentum neque sapien placerat ante. Nulla justo.;4;3;2;1100b07f-e203-43e5-9f0d-93f2e1a28cfb
a63f8bd6-12af-4e3f-b6f9-0977c9e382b5;Sed sagittis. Nam congue, risus semper porta volutpat, quam pede lobortis ligula, sit amet eleifend pede libero quis orci. Nullam molestie nibh in lectus.;2020-12-21T01:33:40Z;2020-12-21T01:33:40Z;Aenean lectus. Pellentesque eget nunc. Donec quis orci eget orci vehicula condimentum.;2;2;3;11539e8c-a4df-4337-8b9c-5c0474c854b4
def4ab1b-3a03-4d44-a368-6bcc439e8788;Aliquam quis turpis eget elit sodales scelerisque. Mauris sit amet eros. Suspendisse accumsan tortor quis turpis.;2018-06-18T20:04:59Z;2018-06-18T20:04:59Z;Duis consequat dui nec nisi volutpat eleifend. Donec ut dolor. Morbi vel lectus in quam fringilla rhoncus.;4;2;3;8a1935d7-26e6-4e36-94ff-765d0f2304f1
c38488b9-3c6f-4db3-94d1-1f0af1ce7998;Nullam porttitor lacus at turpis. Donec posuere metus vitae ipsum. Aliquam non mauris.;2020-11-29T20:02:48Z;2020-11-29T20:02:48Z;Phasellus sit amet erat. Nulla tempus. Vivamus in felis eu sapien cursus vestibulum.;2;5;1;a20f3ffb-09a1-48aa-a9f6-7183584944d7
caed81c8-4c62-4c07-a926-ba1b427537cf;In hac habitasse platea dictumst. Etiam faucibus cursus urna. Ut tellus.;2019-08-29T23:05:03Z;2019-08-29T23:05:03Z;"Quisque id justo sit amet sapien dignissim vestibulum. Vestibulum ante ipsum primis in faucibus orci luctus et ultrices posuere cubilia Curae; Nulla dapibus dolor vel est. Donec odio justo, sollicitudin ut, suscipit a, feugiat et, eros.";2;2;2;a20f3ffb-09a1-48aa-a9f6-7183584944d7
2b8f0741-df3e-49da-8e08-3f5909732d88;Curabitur at ipsum ac tellus semper interdum. Mauris ullamcorper purus sit amet nulla. Quisque arcu libero, rutrum ac, lobortis vel, dapibus at, diam.;2018-03-04T19:43:43Z;2018-03-04T19:43:43Z;Phasellus in felis. Donec semper sapien a libero. Nam dui.;1;5;5;a741d85b-d6db-4b3b-b871-79acf9ef52cb
e839570a-f34a-4a5a-949e-97b5fd8366a4;Fusce posuere felis sed lacus. Morbi sem mauris, laoreet ut, rhoncus aliquet, pulvinar sed, nisl. Nunc rhoncus dui vel sem.;2018-10-01T12:08:41Z;2018-10-01T12:08:41Z;In congue. Etiam justo. Etiam pretium iaculis justo.;5;3;1;2eace2bb-4871-4696-875d-9484f7291d75
05ecef7b-6273-4037-8da6-8820214d07b6;Aenean fermentum. Donec ut mauris eget massa tempor convallis. Nulla neque libero, convallis eget, eleifend luctus, ultricies eu, nibh.;2018-12-05T04:53:11Z;2018-12-05T04:53:11Z;Praesent id massa id nisl venenatis lacinia. Aenean sit amet justo. Morbi ut odio.;3;3;2;3a48c513-1a33-4509-bc8b-4cecaa9eb143
36890ba2-ce8a-4b15-b05b-8b69eefa2592;Duis consequat dui nec nisi volutpat eleifend. Donec ut dolor. Morbi vel lectus in quam fringilla rhoncus.;2020-06-07T01:48:31Z;2020-06-07T01:48:31Z;Curabitur at ipsum ac tellus semper interdum. Mauris ullamcorper purus sit amet nulla. Quisque arcu libero, rutrum ac, lobortis vel, dapibus at, diam.;5;4;3;8333b764-8252-4e16-ab4a-34163af0d61f
54b2121e-b110-4178-a966-5b2ff872bca1;Nam ultrices, libero non mattis pulvinar, nulla pede ullamcorper augue, a suscipit nulla elit ac nulla. Sed vel enim sit amet nunc viverra dapibus. Nulla suscipit ligula in lacus.;2020-09-07T12:40:26Z;2020-09-07T12:40:26Z;Praesent blandit. Nam nulla. Integer pede justo, lacinia eget, tincidunt eget, tempus vel, pede.;2;5;1;a20f3ffb-09a1-48aa-a9f6-7183584944d7
28179ddf-88c6-430b-bb7b-77d4c1aa508c;Curabitur in libero ut massa volutpat convallis. Morbi odio odio, elementum eu, interdum eu, tincidunt in, leo. Maecenas pulvinar lobortis est.;2019-08-08T16:23:43Z;2019-08-08T16:23:43Z;Nulla ut erat id mauris vulputate elementum. Nullam varius. Nulla facilisi.;1;3;5;8333b764-8252-4e16-ab4a-34163af0d61f
c66d61e5-859a-4524-8a9f-4b899d696858;Lorem ipsum dolor sit amet, consectetuer adipiscing elit. Proin risus. Praesent lectus.;2018-07-22T18:01:47Z;2018-07-22T18:01:47Z;Praesent id massa id nisl venenatis lacinia. Aenean sit amet justo. Morbi ut odio.;4;2;5;1100b07f-e203-43e5-9f0d-93f2e1a28cfb
39dd7ea8-f9cd-478c-b53d-57030ec68e20;Pellentesque at nulla. Suspendisse potenti. Cras in purus eu magna vulputate luctus.;2019-03-31T12:29:43Z;2019-03-31T12:29:43Z;Praesent blandit. Nam nulla. Integer pede justo, lacinia eget, tincidunt eget, tempus vel, pede.;3;5;2;8a1935d7-26e6-4e36-94ff-765d0f2304f1
f8667c1e-ca8d-4863-af8a-ea080abc24dc;Maecenas leo odio, condimentum id, luctus nec, molestie sed, justo. Pellentesque viverra pede ac diam. Cras pellentesque volutpat dui.;2020-06-10T18:44:25Z;2020-06-10T18:44:25Z;Nam ultrices, libero non mattis pulvinar, nulla pede ullamcorper augue, a suscipit nulla elit ac nulla. Sed vel enim sit amet nunc viverra dapibus. Nulla suscipit ligula in lacus.;1;2;2;c518be09-08a7-41bb-a32d-690ed6e5046a
7d0ae0cd-e0cd-4fac-817e-67053d79474c;Suspendisse potenti. In eleifend quam a odio. In hac habitasse platea dictumst.;2019-01-08T22:35:18Z;2019-01-08T22:35:18Z;In hac habitasse platea dictumst. Etiam faucibus cursus urna. Ut tellus.;3;4;3;c518be09-08a7-41bb-a32d-690ed6e5046a
16767375-36c5-4e76-9b2b-88a704359901;Aenean lectus. Pellentesque eget nunc. Donec quis orci eget orci vehicula condimentum.;2018-08-08T16:01:00Z;2018-08-08T16:01:00Z;Integer tincidunt ante vel ipsum. Praesent blandit lacinia erat. Vestibulum sed magna at nunc commodo placerat.;5;2;3;a741d85b-d6db-4b3b-b871-79acf9ef52cb
ebde8653-03a5-4c73-ab5a-b53b88606061;Nullam sit amet turpis elementum ligula vehicula consequat. Morbi a ipsum. Integer a nibh.;2018-10-15T22:00:57Z;2018-10-15T22:00:57Z;In hac habitasse platea dictumst. Etiam faucibus cursus urna. Ut tellus.;4;3;5;11539e8c-a4df-4337-8b9c-5c0474c854b4
1abdc1c9-e798-46c8-9afd-6cca26d120ff;Lorem ipsum dolor sit amet, consectetuer adipiscing elit. Proin risus. Praesent lectus.;2020-04-06T22:46:40Z;2020-04-06T22:46:40Z;Suspendisse potenti. In eleifend quam a odio. In hac habitasse platea dictumst.;3;4;2;a20f3ffb-09a1-48aa-a9f6-7183584944d7
a9611db2-435c-4434-a754-a92d18a2327c;Sed sagittis. Nam congue, risus semper porta volutpat, quam pede lobortis ligula, sit amet eleifend pede libero quis orci. Nullam molestie nibh in lectus.;2018-07-26T19:47:27Z;2018-07-26T19:47:27Z;Suspendisse potenti. In eleifend quam a odio. In hac habitasse platea dictumst.;2;1;2;2eace2bb-4871-4696-875d-9484f7291d75
62616c1e-86cd-4a4d-a576-5ea7676e52d0;Phasellus in felis. Donec semper sapien a libero. Nam dui.;2020-06-12T09:28:10Z;2020-06-12T09:28:10Z;Cum sociis natoque penatibus et magnis dis parturient montes, nascetur ridiculus mus. Vivamus vestibulum sagittis sapien. Cum sociis natoque penatibus et magnis dis parturient montes, nascetur ridiculus mus.;5;4;5;a20f3ffb-09a1-48aa-a9f6-7183584944d7
24b42acf-1ae4-490e-b9c8-4ce11e5ca899;Sed ante. Vivamus tortor. Duis mattis egestas metus.;2020-07-16T14:55:30Z;2020-07-16T14:55:30Z;Mauris enim leo, rhoncus sed, vestibulum sit amet, cursus id, turpis. Integer aliquet, massa id lobortis convallis, tortor risus dapibus augue, vel accumsan tellus nisi eu orci. Mauris lacinia sapien quis libero.;5;4;2;2eace2bb-4871-4696-875d-9484f7291d75
84e324db-db65-44c7-a342-2cb6e0dc6054;"Maecenas tristique, est et tempus semper, est quam pharetra magna, ac consequat metus sapien ut nunc. Vestibulum ante ipsum primis in faucibus orci luctus et ultrices posuere cubilia Curae; Mauris viverra diam vitae quam. Suspendisse potenti.";2018-12-28T05:39:41Z;2018-12-28T05:39:41Z;Mauris enim leo, rhoncus sed, vestibulum sit amet, cursus id, turpis. Integer aliquet, massa id lobortis convallis, tortor risus dapibus augue, vel accumsan tellus nisi eu orci. Mauris lacinia sapien quis libero.;5;2;4;46b01037-6029-449d-b48f-8d8f9308c192
8a0c2332-b6d6-4261-8962-9477b72a17c4;Nulla ut erat id mauris vulputate elementum. Nullam varius. Nulla facilisi.;2020-12-14T17:54:53Z;2020-12-14T17:54:53Z;Quisque porta volutpat erat. Quisque erat eros, viverra eget, congue eget, semper rutrum, nulla. Nunc purus.;5;3;5;a741d85b-d6db-4b3b-b871-79acf9ef52cb
75b068ef-1ccd-4926-a226-3dfcf4f18ac2;In sagittis dui vel nisl. Duis ac nibh. Fusce lacus purus, aliquet at, feugiat non, pretium quis, lectus.;2018-07-04T07:34:17Z;2018-07-04T07:34:17Z;Fusce consequat. Nulla nisl. Nunc nisl.;3;1;4;a741d85b-d6db-4b3b-b871-79acf9ef52cb
8dc42ca5-f52b-4446-8ba9-02ab371b67c8;Proin interdum mauris non ligula pellentesque ultrices. Phasellus id sapien in sapien iaculis congue. Vivamus metus arcu, adipiscing molestie, hendrerit at, vulputate vitae, nisl.;2018-01-17T11:15:21Z;2018-01-17T11:15:21Z;Morbi non lectus. Aliquam sit amet diam in magna bibendum imperdiet. Nullam orci pede, venenatis non, sodales sed, tincidunt eu, felis.;2;5;2;11539e8c-a4df-4337-8b9c-5c0474c854b4
