id;description;provider_id;additionalComments;difficultyLevel;category_id;estimatedHours;startDate;endDate
b3776886-39f8-4b96-aa50-a76e83ad1cf4;Proin interdum mauris non ligula pellentesque ultrices. Phasellus id sapien in sapien iaculis congue. Vivamus metus arcu, adipiscing molestie, hendrerit at, vulputate vitae, nisl.;11539e8c-a4df-4337-8b9c-5c0474c854b4;Lorem ipsum dolor sit amet, consectetuer adipiscing elit. Proin risus. Praesent lectus.;1;3;4;2019-04-01T06:04:57Z;2019-04-01T06:04:57Z
173f354f-d99c-4a3a-9712-9d862413d926;Proin leo odio, porttitor id, consequat in, consequat ut, nulla. Sed accumsan felis. Ut at dolor quis odio consequat varius.;46b01037-6029-449d-b48f-8d8f9308c192;Proin leo odio, porttitor id, consequat in, consequat ut, nulla. Sed accumsan felis. Ut at dolor quis odio consequat varius.;3;2;1;2019-08-08T02:28:27Z;2019-08-08T02:28:27Z
2a30f2cf-589b-4e3c-9fd9-bfccd720a366;Cum sociis natoque penatibus et magnis dis parturient montes, nascetur ridiculus mus. Vivamus vestibulum sagittis sapien. Cum sociis natoque penatibus et magnis dis parturient montes, nascetur ridiculus mus.;8333b764-8252-4e16-ab4a-34163af0d61f;Nullam sit amet turpis elementum ligula vehicula consequat. Morbi a ipsum. Integer a nibh.;2;1;2;2020-10-29T07:07:48Z;2020-10-29T07:07:48Z
69a73138-a4bc-4c56-bda3-2d6737923816;Nulla ut erat id mauris vulputate elementum. Nullam varius. Nulla facilisi.;8a1935d7-26e6-4e36-94ff-765d0f2304f1;Morbi non lectus. Aliquam sit amet diam in magna bibendum imperdiet. Nullam orci pede, venenatis non, sodales sed, tincidunt eu, felis.;1;3;3;2019-02-12T13:28:47Z;2019-02-12T13:28:47Z
108ee407-d2fb-4708-9023-3f0557a1cffe;Fusce posuere felis sed lacus. Morbi sem mauris, laoreet ut, rhoncus aliquet, pulvinar sed, nisl. Nunc rhoncus dui vel sem.;3a48c513-1a33-4509-bc8b-4cecaa9eb143;In congue. Etiam justo. Etiam pretium iaculis justo.;4;3;3;2020-12-11T23:44:22Z;2020-12-11T23:44:22Z
c6a61b0c-23b0-403f-85a3-db109b46d204;In congue. Etiam justo. Etiam pretium iaculis justo.;1100b07f-e203-43e5-9f0d-93f2e1a28cfb;Lorem ipsum dolor sit amet, consectetuer adipiscing elit. Proin risus. Praesent lectus.;3;2;2;2019-12-18T01:30:35Z;2019-12-18T01:30:35Z
89035206-2c88-46a7-9227-f8ba697c56fb;Proin eu mi. Nulla ac enim. In tempor, turpis nec euismod scelerisque, quam turpis adipiscing lorem, vitae mattis nibh ligula nec sem.;3a48c513-1a33-4509-bc8b-4cecaa9eb143;"Donec diam neque, vestibulum eget, vulputate ut, ultrices vel, augue. Vestibulum ante ipsum primis in faucibus orci luctus et ultrices posuere cubilia Curae; Donec pharetra, magna vestibulum aliquet ultrices, erat tortor sollicitudin mi, sit amet lobortis sapien sapien non mi. Integer ac neque.";3;3;5;2019-09-13T04:18:46Z;2019-09-13T04:18:46Z
a76e3068-2a96-42d6-961e-8ede7bcc27aa;Duis aliquam convallis nunc. Proin at turpis a pede posuere nonummy. Integer non velit.;46b01037-6029-449d-b48f-8d8f9308c192;"Vestibulum quam sapien, varius ut, blandit non, interdum in, ante. Vestibulum ante ipsum primis in faucibus orci luctus et ultrices posuere cubilia Curae; Duis faucibus accumsan odio. Curabitur convallis.";5;5;5;2019-06-20T10:34:41Z;2019-06-20T10:34:41Z
fe779a55-8b8a-4184-877a-888f6787d839;Integer ac leo. Pellentesque ultrices mattis odio. Donec vitae nisi.;a741d85b-d6db-4b3b-b871-79acf9ef52cb;Duis bibendum. Morbi non quam nec dui luctus rutrum. Nulla tellus.;3;4;5;2019-10-08T23:58:46Z;2019-10-08T23:58:46Z
6e7f1e6b-48e6-4844-b8bc-8b33b6024c63;Nulla ut erat id mauris vulputate elementum. Nullam varius. Nulla facilisi.;a741d85b-d6db-4b3b-b871-79acf9ef52cb;Praesent id massa id nisl venenatis lacinia. Aenean sit amet justo. Morbi ut odio.;2;4;2;2019-08-23T12:23:56Z;2019-08-23T12:23:56Z
651ca906-6562-45f5-a833-ceac12f7da13;Mauris enim leo, rhoncus sed, vestibulum sit amet, cursus id, turpis. Integer aliquet, massa id lobortis convallis, tortor risus dapibus augue, vel accumsan tellus nisi eu orci. Mauris lacinia sapien quis libero.;8333b764-8252-4e16-ab4a-34163af0d61f;Maecenas leo odio, condimentum id, luctus nec, molestie sed, justo. Pellentesque viverra pede ac diam. Cras pellentesque volutpat dui.;3;4;4;2018-05-06T07:02:56Z;2018-05-06T07:02:56Z
968268a6-46c6-465e-a606-115a2981a768;Maecenas ut massa quis augue luctus tincidunt. Nulla mollis molestie lorem. Quisque ut erat.;2eace2bb-4871-4696-875d-9484f7291d75;Proin eu mi. Nulla ac enim. In tempor, turpis nec euismod scelerisque, quam turpis adipiscing lorem, vitae mattis nibh ligula nec sem.;3;2;2;2018-09-07T08:26:40Z;2018-09-07T08:26:40Z
7ae1e724-7699-4f32-bcb1-9cfd5d35cd3c;Fusce posuere felis sed lacus. Morbi sem mauris, laoreet ut, rhoncus aliquet, pulvinar sed, nisl. Nunc rhoncus dui vel sem.;8a1935d7-26e6-4e36-94ff-765d0f2304f1;Vestibulum ac est lacinia nisi venenatis tristique. Fusce congue, diam id ornare imperdiet, sapien urna pretium nisl, ut volutpat sapien arcu sed augue. Aliquam erat volutpat.;4;1;4;2018-09-12T22:05:41Z;2018-09-12T22:05:41Z
93621fe7-4ee6-4723-809b-cd7ea502273d;Duis consequat dui nec nisi volutpat eleifend. Donec ut dolor. Morbi vel lectus in quam fringilla rhoncus.;1100b07f-e203-43e5-9f0d-93f2e1a28cfb;"Donec diam neque, vestibulum eget, vulputate ut, ultrices vel, augue. Vestibulum ante ipsum primis in faucibus orci luctus et ultrices posuere cubilia Curae; Donec pharetra, magna vestibulum aliquet ultrices, erat tortor sollicitudin mi, sit amet lobortis sapien sapien non mi. Integer ac neque.";5;2;4;2019-10-24T07:40:43Z;2019-10-24T07:40:43Z
7a898308-7531-4052-a4c5-4d41733da378;Nulla ut erat id mauris vulputate elementum. Nullam varius. Nulla facilisi.;8333b764-8252-4e16-ab4a-34163af0d61f;Duis aliquam convallis nunc. Proin at turpis a pede posuere nonummy. Integer non velit.;4;2;1;2018-03-06T11:16:29Z;2018-03-06T11:16:29Z
415aa87e-2349-4275-82c0-8658a5e7aa64;In congue. Etiam justo. Etiam pretium iaculis justo.;8a1935d7-26e6-4e36-94ff-765d0f2304f1;Cum sociis natoque penatibus et magnis dis parturient montes, nascetur ridiculus mus. Vivamus vestibulum sagittis sapien. Cum sociis natoque penatibus et magnis dis parturient montes, nascetur ridiculus mus.;4;5;1;2018-04-30T00:27:39Z;2018-04-30T00:27:39Z
f96a2cb2-5094-47fc-9a88-aa033cbeee4c;Nam ultrices, libero non mattis pulvinar, nulla pede ullamcorper augue, a suscipit nulla elit ac nulla. Sed vel enim sit amet nunc viverra dapibus. Nulla suscipit ligula in lacus.;46b01037-6029-449d-b48f-8d8f9308c192;Fusce posuere felis sed lacus. Morbi sem mauris, laoreet ut, rhoncus aliquet, pulvinar sed, nisl. Nunc rhoncus dui vel sem.;4;3;3;2018-11-27T19:21:02Z;2018-11-27T19:21:02Z
f651573c-d8ed-485c-9c92-162ab6b819cf;Duis bibendum, felis sed interdum venenatis, turpis enim blandit mi, in porttitor pede justo eu massa. Donec dapibus. Duis at velit eu est congue elementum.;11539e8c-a4df-4337-8b9c-5c0474c854b4;Phasellus sit amet erat. Nulla tempus. Vivamus in felis eu sapien cursus vestibulum.;3;1;4;2019-04-15T11:41:37Z;2019-04-15T11:41:37Z
dcbd7629-b092-416b-bdb4-1aa68782d54a;Duis consequat dui nec nisi volutpat eleifend. Donec ut dolor. Morbi vel lectus in quam fringilla rhoncus.;8333b764-8252-4e16-ab4a-34163af0d61f;Nullam porttitor lacus at turpis. Donec posuere metus vitae ipsum. Aliquam non mauris.;1;4;1;2018-02-14T09:39:07Z;2018-02-14T09:39:07Z
dc9caa34-bef1-44cf-b234-9e584f260926;Proin interdum mauris non ligula pellentesque ultrices. Phasellus id sapien in sapien iaculis congue. Vivamus metus arcu, adipiscing molestie, hendrerit at, vulputate vitae, nisl.;c518be09-08a7-41bb-a32d-690ed6e5046a;Cum sociis natoque penatibus et magnis dis parturient montes, nascetur ridiculus mus. Vivamus vestibulum sagittis sapien. Cum sociis natoque penatibus et magnis dis parturient montes, nascetur ridiculus mus.;5;1;4;2019-05-09T21:22:26Z;2019-05-09T21:22:26Z
885ed16a-ec22-4c50-a914-823cd402f85c;Integer tincidunt ante vel ipsum. Praesent blandit lacinia erat. Vestibulum sed magna at nunc commodo placerat.;8333b764-8252-4e16-ab4a-34163af0d61f;"Quisque id justo sit amet sapien dignissim vestibulum. Vestibulum ante ipsum primis in faucibus orci luctus et ultrices posuere cubilia Curae; Nulla dapibus dolor vel est. Donec odio justo, sollicitudin ut, suscipit a, feugiat et, eros.";5;5;3;2020-09-18T19:28:02Z;2020-09-18T19:28:02Z
fa9ef4e2-edf0-4e5a-a9f1-a93839b31389;In sagittis dui vel nisl. Duis ac nibh. Fusce lacus purus, aliquet at, feugiat non, pretium quis, lectus.;46b01037-6029-449d-b48f-8d8f9308c192;Cras non velit nec nisi vulputate nonummy. Maecenas tincidunt lacus at velit. Vivamus vel nulla eget eros elementum pellentesque.;3;2;2;2019-05-08T10:17:58Z;2019-05-08T10:17:58Z
681c8b4a-5449-459a-85ee-c69fbee7571b;Duis bibendum. Morbi non quam nec dui luctus rutrum. Nulla tellus.;2eace2bb-4871-4696-875d-9484f7291d75;Praesent blandit. Nam nulla. Integer pede justo, lacinia eget, tincidunt eget, tempus vel, pede.;2;4;1;2020-12-28T12:41:01Z;2020-12-28T12:41:01Z
eb357d01-eed9-4c62-b665-6d3085ec5387;Sed sagittis. Nam congue, risus semper porta volutpat, quam pede lobortis ligula, sit amet eleifend pede libero quis orci. Nullam molestie nibh in lectus.;8333b764-8252-4e16-ab4a-34163af0d61f;Aliquam quis turpis eget elit sodales scelerisque. Mauris sit amet eros. Suspendisse accumsan tortor quis turpis.;1;4;4;2019-07-22T22:50:19Z;2019-07-22T22:50:19Z
fa4f9041-ba55-4a9b-80e4-f4c27d96547e;Curabitur at ipsum ac tellus semper interdum. Mauris ullamcorper purus sit amet nulla. Quisque arcu libero, rutrum ac, lobortis vel, dapibus at, diam.;46b01037-6029-449d-b48f-8d8f9308c192;Sed sagittis. Nam congue, risus semper porta volutpat, quam pede lobortis ligula, sit amet eleifend pede libero quis orci. Nullam molestie nibh in lectus.;1;2;3;2018-03-19T20:02:47Z;2018-03-19T20:02:47Z
af8b4f75-212b-4fbb-84c7-dce34169b9c7;Suspendisse potenti. In eleifend quam a odio. In hac habitasse platea dictumst.;8a1935d7-26e6-4e36-94ff-765d0f2304f1;Lorem ipsum dolor sit amet, consectetuer adipiscing elit. Proin risus. Praesent lectus.;5;2;4;2019-05-13T22:29:42Z;2019-05-13T22:29:42Z
27829ed2-d208-44c9-8075-0c19559929fe;Duis aliquam convallis nunc. Proin at turpis a pede posuere nonummy. Integer non velit.;1100b07f-e203-43e5-9f0d-93f2e1a28cfb;Sed ante. Vivamus tortor. Duis mattis egestas metus.;4;2;3;2019-03-14T12:32:39Z;2019-03-14T12:32:39Z
5ea50145-53b6-4011-826a-d9b0e703fd98;Duis bibendum. Morbi non quam nec dui luctus rutrum. Nulla tellus.;1100b07f-e203-43e5-9f0d-93f2e1a28cfb;Nullam porttitor lacus at turpis. Donec posuere metus vitae ipsum. Aliquam non mauris.;2;1;5;2020-04-10T18:56:27Z;2020-04-10T18:56:27Z
58d3871a-7523-4023-9835-271801393652;Suspendisse potenti. In eleifend quam a odio. In hac habitasse platea dictumst.;c518be09-08a7-41bb-a32d-690ed6e5046a;Maecenas leo odio, condimentum id, luctus nec, molestie sed, justo. Pellentesque viverra pede ac diam. Cras pellentesque volutpat dui.;4;1;4;2020-06-04T17:01:03Z;2020-06-04T17:01:03Z
1df2383f-686f-43b1-b9c8-41d3744fa534;Phasellus in felis. Donec semper sapien a libero. Nam dui.;a20f3ffb-09a1-48aa-a9f6-7183584944d7;Maecenas leo odio, condimentum id, luctus nec, molestie sed, justo. Pellentesque viverra pede ac diam. Cras pellentesque volutpat dui.;3;5;1;2020-12-01T05:38:02Z;2020-12-01T05:38:02Z
3f6a9b7f-69b9-474a-a34d-26dde772d299;In hac habitasse platea dictumst. Etiam faucibus cursus urna. Ut tellus.;46b01037-6029-449d-b48f-8d8f9308c192;In quis justo. Maecenas rhoncus aliquam lacus. Morbi quis tortor id nulla ultrices aliquet.;4;1;5;2020-11-16T06:18:42Z;2020-11-16T06:18:42Z
5996e78c-c2f0-4422-9c4f-20428711f5f1;"Quisque id justo sit amet sapien dignissim vestibulum. Vestibulum ante ipsum primis in faucibus orci luctus et ultrices posuere cubilia Curae; Nulla dapibus dolor vel est. Donec odio justo, sollicitudin ut, suscipit a, feugiat et, eros.";1100b07f-e203-43e5-9f0d-93f2e1a28cfb;Duis bibendum. Morbi non quam nec dui luctus rutrum. Nulla tellus.;4;2;1;2018-12-05T01:09:49Z;2018-12-05T01:09:49Z
35c9f6a5-f986-4860-9e0c-65ade1a6d5b9;Integer ac leo. Pellentesque ultrices mattis odio. Donec vitae nisi.;3a48c513-1a33-4509-bc8b-4cecaa9eb143;Quisque porta volutpat erat. Quisque erat eros, viverra eget, congue eget, semper rutrum, nulla. Nunc purus.;5;2;3;2020-10-24T20:09:56Z;2020-10-24T20:09:56Z
22e39a5d-c050-481b-a18c-543b0651f5f6;Duis bibendum. Morbi non quam nec dui luctus rutrum. Nulla tellus.;8333b764-8252-4e16-ab4a-34163af0d61f;In congue. Etiam justo. Etiam pretium iaculis justo.;2;2;4;2019-12-25T23:27:52Z;2019-12-25T23:27:52Z
d2650274-349c-4907-a671-f427797062e5;Suspendisse potenti. In eleifend quam a odio. In hac habitasse platea dictumst.;2eace2bb-4871-4696-875d-9484f7291d75;Maecenas ut massa quis augue luctus tincidunt. Nulla mollis molestie lorem. Quisque ut erat.;3;5;2;2018-12-20T13:47:11Z;2018-12-20T13:47:11Z
e5289b05-24b5-4def-a126-de72611f0105;Phasellus in felis. Donec semper sapien a libero. Nam dui.;3a48c513-1a33-4509-bc8b-4cecaa9eb143;Phasellus sit amet erat. Nulla tempus. Vivamus in felis eu sapien cursus vestibulum.;5;3;5;2018-03-24T22:10:50Z;2018-03-24T22:10:50Z
77573204-6ebe-4a31-9331-392c8281af6a;Duis aliquam convallis nunc. Proin at turpis a pede posuere nonummy. Integer non velit.;1100b07f-e203-43e5-9f0d-93f2e1a28cfb;In hac habitasse platea dictumst. Etiam faucibus cursus urna. Ut tellus.;2;4;4;2020-03-24T16:30:24Z;2020-03-24T16:30:24Z
097814f0-f966-4662-a457-7777df25ddfd;Duis bibendum, felis sed interdum venenatis, turpis enim blandit mi, in porttitor pede justo eu massa. Donec dapibus. Duis at velit eu est congue elementum.;a20f3ffb-09a1-48aa-a9f6-7183584944d7;Aliquam quis turpis eget elit sodales scelerisque. Mauris sit amet eros. Suspendisse accumsan tortor quis turpis.;3;3;5;2019-01-25T10:47:25Z;2019-01-25T10:47:25Z
d45f1cbf-4854-4782-afbd-37fc31ee5806;Nullam sit amet turpis elementum ligula vehicula consequat. Morbi a ipsum. Integer a nibh.;c518be09-08a7-41bb-a32d-690ed6e5046a;Curabitur gravida nisi at nibh. In hac habitasse platea dictumst. Aliquam augue quam, sollicitudin vitae, consectetuer eget, rutrum at, lorem.;5;4;5;2018-12-18T13:58:10Z;2018-12-18T13:58:10Z
a43c7130-d566-4ae6-931c-9a9edfdc1aa4;"Vestibulum quam sapien, varius ut, blandit non, interdum in, ante. Vestibulum ante ipsum primis in faucibus orci luctus et ultrices posuere cubilia Curae; Duis faucibus accumsan odio. Curabitur convallis.";2eace2bb-4871-4696-875d-9484f7291d75;Curabitur at ipsum ac tellus semper interdum. Mauris ullamcorper purus sit amet nulla. Quisque arcu libero, rutrum ac, lobortis vel, dapibus at, diam.;1;3;1;2020-08-09T09:37:15Z;2020-08-09T09:37:15Z
5bf9de18-df7e-4fe5-84bc-9fb114738f59;Nullam porttitor lacus at turpis. Donec posuere metus vitae ipsum. Aliquam non mauris.;11539e8c-a4df-4337-8b9c-5c0474c854b4;Cras mi pede, malesuada in, imperdiet et, commodo vulputate, justo. In blandit ultrices enim. Lorem ipsum dolor sit amet, consectetuer adipiscing elit.;1;1;1;2019-10-05T09:57:38Z;2019-10-05T09:57:38Z
846d800d-fefc-43cf-baf6-b94103740346;In hac habitasse platea dictumst. Etiam faucibus cursus urna. Ut tellus.;c518be09-08a7-41bb-a32d-690ed6e5046a;In hac habitasse platea dictumst. Etiam faucibus cursus urna. Ut tellus.;2;4;5;2019-05-06T14:48:53Z;2019-05-06T14:48:53Z
aec43248-6b34-407d-a540-ef03aa372a8f;In hac habitasse platea dictumst. Morbi vestibulum, velit id pretium iaculis, diam erat fermentum justo, nec condimentum neque sapien placerat ante. Nulla justo.;46b01037-6029-449d-b48f-8d8f9308c192;Duis consequat dui nec nisi volutpat eleifend. Donec ut dolor. Morbi vel lectus in quam fringilla rhoncus.;1;2;5;2019-09-18T12:34:20Z;2019-09-18T12:34:20Z
5d05647e-41be-4c55-bff5-4638d3b160f1;Lorem ipsum dolor sit amet, consectetuer adipiscing elit. Proin risus. Praesent lectus.;a20f3ffb-09a1-48aa-a9f6-7183584944d7;In sagittis dui vel nisl. Duis ac nibh. Fusce lacus purus, aliquet at, feugiat non, pretium quis, lectus.;2;5;5;2019-08-04T18:32:07Z;2019-08-04T18:32:07Z
a382e1c5-606e-4b96-b594-f908d81b55d0;Etiam vel augue. Vestibulum rutrum rutrum neque. Aenean auctor gravida sem.;46b01037-6029-449d-b48f-8d8f9308c192;Sed ante. Vivamus tortor. Duis mattis egestas metus.;1;2;2;2020-01-18T10:24:42Z;2020-01-18T10:24:42Z
ba69af53-0fcf-4409-93d3-fb8db5940d2f;"Quisque id justo sit amet sapien dignissim vestibulum. Vestibulum ante ipsum primis in faucibus orci luctus et ultrices posuere cubilia Curae; Nulla dapibus dolor vel est. Donec odio justo, sollicitudin ut, suscipit a, feugiat et, eros.";46b01037-6029-449d-b48f-8d8f9308c192;"Quisque id justo sit amet sapien dignissim vestibulum. Vestibulum ante ipsum primis in faucibus orci luctus et ultrices posuere cubilia Curae; Nulla dapibus dolor vel est. Donec odio justo, sollicitudin ut, suscipit a, feugiat et, eros.";5;3;5;2018-10-10T13:22:36Z;2018-10-10T13:22:36Z
4c6a9ac7-c79f-4d4f-bc6c-b1f2be271221;In sagittis dui vel nisl. Duis ac nibh. Fusce lacus purus, aliquet at, feugiat non, pretium quis, lectus.;2eace2bb-4871-4696-875d-9484f7291d75;"Quisque id justo sit amet sapien dignissim vestibulum. Vestibulum ante ipsum primis in faucibus orci luctus et ultrices posuere cubilia Curae; Nulla dapibus dolor vel est. Donec odio justo, sollicitudin ut, suscipit a, feugiat et, eros.";5;2;2;2018-12-18T04:27:50Z;2018-12-18T04:27:50Z
1ac51190-f63d-41e1-9926-b34d2e2adedd;"Vestibulum quam sapien, varius ut, blandit non, interdum in, ante. Vestibulum ante ipsum primis in faucibus orci luctus et ultrices posuere cubilia Curae; Duis faucibus accumsan odio. Curabitur convallis.";1100b07f-e203-43e5-9f0d-93f2e1a28cfb;Nulla ut erat id mauris vulputate elementum. Nullam varius. Nulla facilisi.;4;3;4;2019-10-05T02:59:11Z;2019-10-05T02:59:11Z
0c78ee49-a453-41bd-8081-420b85c5dccd;Lorem ipsum dolor sit amet, consectetuer adipiscing elit. Proin risus. Praesent lectus.;a741d85b-d6db-4b3b-b871-79acf9ef52cb;Aliquam quis turpis eget elit sodales scelerisque. Mauris sit amet eros. Suspendisse accumsan tortor quis turpis.;5;5;2;2018-11-02T19:42:27Z;2018-11-02T19:42:27Z
5d76abcc-991a-4183-aada-dd0a00ef092c;Sed ante. Vivamus tortor. Duis mattis egestas metus.;46b01037-6029-449d-b48f-8d8f9308c192;Proin leo odio, porttitor id, consequat in, consequat ut, nulla. Sed accumsan felis. Ut at dolor quis odio consequat varius.;1;1;1;2018-09-21T19:18:21Z;2018-09-21T19:18:21Z
d6d654e6-ce10-4f72-834d-66dc6c735a54;Morbi porttitor lorem id ligula. Suspendisse ornare consequat lectus. In est risus, auctor sed, tristique in, tempus sit amet, sem.;11539e8c-a4df-4337-8b9c-5c0474c854b4;Integer ac leo. Pellentesque ultrices mattis odio. Donec vitae nisi.;4;3;5;2020-01-01T06:45:43Z;2020-01-01T06:45:43Z
e0941463-4f5f-43a2-b7e8-f5d77bebb5b1;Nullam sit amet turpis elementum ligula vehicula consequat. Morbi a ipsum. Integer a nibh.;3a48c513-1a33-4509-bc8b-4cecaa9eb143;"Maecenas tristique, est et tempus semper, est quam pharetra magna, ac consequat metus sapien ut nunc. Vestibulum ante ipsum primis in faucibus orci luctus et ultrices posuere cubilia Curae; Mauris viverra diam vitae quam. Suspendisse potenti.";5;1;3;2018-08-28T16:41:04Z;2018-08-28T16:41:04Z
8b6fda87-7d42-4b00-8b82-7bd70c8396d3;In quis justo. Maecenas rhoncus aliquam lacus. Morbi quis tortor id nulla ultrices aliquet.;11539e8c-a4df-4337-8b9c-5c0474c854b4;Etiam vel augue. Vestibulum rutrum rutrum neque. Aenean auctor gravida sem.;5;3;3;2018-07-09T19:35:48Z;2018-07-09T19:35:48Z
390b63c6-10ab-4b7b-aa5e-d48c5ab7fd5b;Maecenas ut massa quis augue luctus tincidunt. Nulla mollis molestie lorem. Quisque ut erat.;11539e8c-a4df-4337-8b9c-5c0474c854b4;In quis justo. Maecenas rhoncus aliquam lacus. Morbi quis tortor id nulla ultrices aliquet.;3;4;4;2019-12-29T08:39:47Z;2019-12-29T08:39:47Z
ff536ba9-ec4f-4053-94da-4ce1e825ec42;Morbi porttitor lorem id ligula. Suspendisse ornare consequat lectus. In est risus, auctor sed, tristique in, tempus sit amet, sem.;a741d85b-d6db-4b3b-b871-79acf9ef52cb;In hac habitasse platea dictumst. Morbi vestibulum, velit id pretium iaculis, diam erat fermentum justo, nec condimentum neque sapien placerat ante. Nulla justo.;4;3;3;2020-04-04T17:32:01Z;2020-04-04T17:32:01Z
d5c3d33a-7df7-4a8d-b22c-734484374f4c;Fusce posuere felis sed lacus. Morbi sem mauris, laoreet ut, rhoncus aliquet, pulvinar sed, nisl. Nunc rhoncus dui vel sem.;1100b07f-e203-43e5-9f0d-93f2e1a28cfb;Nullam porttitor lacus at turpis. Donec posuere metus vitae ipsum. Aliquam non mauris.;2;5;5;2018-03-30T10:46:58Z;2018-03-30T10:46:58Z
0b876f07-b5bf-4e5d-bb5e-8f6353506719;In sagittis dui vel nisl. Duis ac nibh. Fusce lacus purus, aliquet at, feugiat non, pretium quis, lectus.;8a1935d7-26e6-4e36-94ff-765d0f2304f1;Lorem ipsum dolor sit amet, consectetuer adipiscing elit. Proin risus. Praesent lectus.;3;5;3;2020-05-08T05:34:02Z;2020-05-08T05:34:02Z
ed17fe47-1fcb-4328-8d60-049f8546fc2c;Praesent id massa id nisl venenatis lacinia. Aenean sit amet justo. Morbi ut odio.;11539e8c-a4df-4337-8b9c-5c0474c854b4;Proin interdum mauris non ligula pellentesque ultrices. Phasellus id sapien in sapien iaculis congue. Vivamus metus arcu, adipiscing molestie, hendrerit at, vulputate vitae, nisl.;5;4;2;2020-12-16T21:09:51Z;2020-12-16T21:09:51Z
649c3c04-2a95-4645-876d-814db4ba64ef;"Quisque id justo sit amet sapien dignissim vestibulum. Vestibulum ante ipsum primis in faucibus orci luctus et ultrices posuere cubilia Curae; Nulla dapibus dolor vel est. Donec odio justo, sollicitudin ut, suscipit a, feugiat et, eros.";3a48c513-1a33-4509-bc8b-4cecaa9eb143;Aliquam quis turpis eget elit sodales scelerisque. Mauris sit amet eros. Suspendisse accumsan tortor quis turpis.;5;4;4;2020-05-08T13:38:56Z;2020-05-08T13:38:56Z
d5d1c640-fe0f-4f39-a276-a6a2e3ba3000;Cras non velit nec nisi vulputate nonummy. Maecenas tincidunt lacus at velit. Vivamus vel nulla eget eros elementum pellentesque.;8333b764-8252-4e16-ab4a-34163af0d61f;Maecenas leo odio, condimentum id, luctus nec, molestie sed, justo. Pellentesque viverra pede ac diam. Cras pellentesque volutpat dui.;5;3;5;2020-02-18T18:20:37Z;2020-02-18T18:20:37Z
2f6638bc-5662-40b7-9978-c44329aa474c;Nam ultrices, libero non mattis pulvinar, nulla pede ullamcorper augue, a suscipit nulla elit ac nulla. Sed vel enim sit amet nunc viverra dapibus. Nulla suscipit ligula in lacus.;3a48c513-1a33-4509-bc8b-4cecaa9eb143;Cum sociis natoque penatibus et magnis dis parturient montes, nascetur ridiculus mus. Vivamus vestibulum sagittis sapien. Cum sociis natoque penatibus et magnis dis parturient montes, nascetur ridiculus mus.;4;3;4;2019-03-31T03:48:39Z;2019-03-31T03:48:39Z
4db79fd8-fbc3-45bf-8748-04fe48247cb9;Fusce consequat. Nulla nisl. Nunc nisl.;a741d85b-d6db-4b3b-b871-79acf9ef52cb;Curabitur at ipsum ac tellus semper interdum. Mauris ullamcorper purus sit amet nulla. Quisque arcu libero, rutrum ac, lobortis vel, dapibus at, diam.;4;4;1;2019-11-15T00:35:02Z;2019-11-15T00:35:02Z
f7f56bd7-bcb2-4e37-bc94-0a50d63e10f5;Phasellus sit amet erat. Nulla tempus. Vivamus in felis eu sapien cursus vestibulum.;2eace2bb-4871-4696-875d-9484f7291d75;Sed ante. Vivamus tortor. Duis mattis egestas metus.;1;1;3;2018-09-13T13:32:38Z;2018-09-13T13:32:38Z
db4ebd46-2b14-4e20-9ec9-247be1f2db3f;Nullam sit amet turpis elementum ligula vehicula consequat. Morbi a ipsum. Integer a nibh.;46b01037-6029-449d-b48f-8d8f9308c192;Integer ac leo. Pellentesque ultrices mattis odio. Donec vitae nisi.;2;4;1;2018-04-09T00:59:24Z;2018-04-09T00:59:24Z
5cd1857b-c59e-4567-9e04-cd28f9dad3fb;Praesent id massa id nisl venenatis lacinia. Aenean sit amet justo. Morbi ut odio.;46b01037-6029-449d-b48f-8d8f9308c192;"Quisque id justo sit amet sapien dignissim vestibulum. Vestibulum ante ipsum primis in faucibus orci luctus et ultrices posuere cubilia Curae; Nulla dapibus dolor vel est. Donec odio justo, sollicitudin ut, suscipit a, feugiat et, eros.";2;4;3;2018-11-28T19:44:53Z;2018-11-28T19:44:53Z
ab277b2a-782f-4d84-9248-6d7442c6d6d0;"Vestibulum quam sapien, varius ut, blandit non, interdum in, ante. Vestibulum ante ipsum primis in faucibus orci luctus et ultrices posuere cubilia Curae; Duis faucibus accumsan odio. Curabitur convallis.";a20f3ffb-09a1-48aa-a9f6-7183584944d7;Integer ac leo. Pellentesque ultrices mattis odio. Donec vitae nisi.;2;1;2;2020-04-07T17:34:56Z;2020-04-07T17:34:56Z
a9b748c0-25c9-4158-befa-efe2277ed3e7;"Donec diam neque, vestibulum eget, vulputate ut, ultrices vel, augue. Vestibulum ante ipsum primis in faucibus orci luctus et ultrices posuere cubilia Curae; Donec pharetra, magna vestibulum aliquet ultrices, erat tortor sollicitudin mi, sit amet lobortis sapien sapien non mi. Integer ac neque.";46b01037-6029-449d-b48f-8d8f9308c192;Curabitur in libero ut massa volutpat convallis. Morbi odio odio, elementum eu, interdum eu, tincidunt in, leo. Maecenas pulvinar lobortis est.;1;2;2;2019-09-17T02:49:56Z;2019-09-17T02:49:56Z
a94d9119-d870-439e-9e24-21b40d885474;"Donec diam neque, vestibulum eget, vulputate ut, ultrices vel, augue. Vestibulum ante ipsum primis in faucibus orci luctus et ultrices posuere cubilia Curae; Donec pharetra, magna vestibulum aliquet ultrices, erat tortor sollicitudin mi, sit amet lobortis sapien sapien non mi. Integer ac neque.";c518be09-08a7-41bb-a32d-690ed6e5046a;In hac habitasse platea dictumst. Morbi vestibulum, velit id pretium iaculis, diam erat fermentum justo, nec condimentum neque sapien placerat ante. Nulla justo.;5;3;4;2018-04-03T07:37:10Z;2018-04-03T07:37:10Z
fa7f3121-1a9d-4dd6-ae4b-5b5e33434cca;Morbi porttitor lorem id ligula. Suspendisse ornare consequat lectus. In est risus, auctor sed, tristique in, tempus sit amet, sem.;a20f3ffb-09a1-48aa-a9f6-7183584944d7;Integer tincidunt ante vel ipsum. Praesent blandit lacinia erat. Vestibulum sed magna at nunc commodo placerat.;1;3;5;2020-04-10T06:16:36Z;2020-04-10T06:16:36Z
e2e5fc5d-685e-4a30-9516-3f6f674e176b;Maecenas ut massa quis augue luctus tincidunt. Nulla mollis molestie lorem. Quisque ut erat.;c518be09-08a7-41bb-a32d-690ed6e5046a;In congue. Etiam justo. Etiam pretium iaculis justo.;4;1;2;2019-03-07T04:53:58Z;2019-03-07T04:53:58Z
a8d9b5d0-e946-4f1d-8565-6e10b9a65422;Curabitur in libero ut massa volutpat convallis. Morbi odio odio, elementum eu, interdum eu, tincidunt in, leo. Maecenas pulvinar lobortis est.;3a48c513-1a33-4509-bc8b-4cecaa9eb143;Duis consequat dui nec nisi volutpat eleifend. Donec ut dolor. Morbi vel lectus in quam fringilla rhoncus.;5;1;1;2018-07-08T16:06:44Z;2018-07-08T16:06:44Z
fcc8b089-9ec0-4a0a-824a-94a38fcd69ff;Morbi porttitor lorem id ligula. Suspendisse ornare consequat lectus. In est risus, auctor sed, tristique in, tempus sit amet, sem.;3a48c513-1a33-4509-bc8b-4cecaa9eb143;"Donec diam neque, vestibulum eget, vulputate ut, ultrices vel, augue. Vestibulum ante ipsum primis in faucibus orci luctus et ultrices posuere cubilia Curae; Donec pharetra, magna vestibulum aliquet ultrices, erat tortor sollicitudin mi, sit amet lobortis sapien sapien non mi. Integer ac neque.";2;1;3;2020-01-02T18:26:26Z;2020-01-02T18:26:26Z
cb9ce0c6-1a7c-47c5-a1e1-f5ee9ad7aed5;Maecenas leo odio, condimentum id, luctus nec, molestie sed, justo. Pellentesque viverra pede ac diam. Cras pellentesque volutpat dui.;c518be09-08a7-41bb-a32d-690ed6e5046a;Phasellus sit amet erat. Nulla tempus. Vivamus in felis eu sapien cursus vestibulum.;4;2;2;2020-11-19T05:15:14Z;2020-11-19T05:15:14Z
64ffd3ec-53aa-49ef-8b93-6ec3751fdb0d;Nullam sit amet turpis elementum ligula vehicula consequat. Morbi a ipsum. Integer a nibh.;8333b764-8252-4e16-ab4a-34163af0d61f;Fusce consequat. Nulla nisl. Nunc nisl.;3;5;3;2020-09-20T19:29:41Z;2020-09-20T19:29:41Z
d7cc63bf-dc48-48cc-aa60-9b3b73bf91d9;Morbi non lectus. Aliquam sit amet diam in magna bibendum imperdiet. Nullam orci pede, venenatis non, sodales sed, tincidunt eu, felis.;1100b07f-e203-43e5-9f0d-93f2e1a28cfb;Nulla ut erat id mauris vulputate elementum. Nullam varius. Nulla facilisi.;1;3;4;2020-11-15T00:29:11Z;2020-11-15T00:29:11Z
5190b8d2-2429-4814-8678-c0d3b1dcc2ad;Duis consequat dui nec nisi volutpat eleifend. Donec ut dolor. Morbi vel lectus in quam fringilla rhoncus.;1100b07f-e203-43e5-9f0d-93f2e1a28cfb;Morbi non lectus. Aliquam sit amet diam in magna bibendum imperdiet. Nullam orci pede, venenatis non, sodales sed, tincidunt eu, felis.;4;4;5;2020-12-15T09:35:45Z;2020-12-15T09:35:45Z
2dc50895-c576-4302-969e-37694404eabc;Phasellus sit amet erat. Nulla tempus. Vivamus in felis eu sapien cursus vestibulum.;46b01037-6029-449d-b48f-8d8f9308c192;Aenean lectus. Pellentesque eget nunc. Donec quis orci eget orci vehicula condimentum.;1;1;4;2020-03-13T20:11:16Z;2020-03-13T20:11:16Z
bc09a5c7-19cd-4bf8-b62b-fbff39fe9ac0;Maecenas leo odio, condimentum id, luctus nec, molestie sed, justo. Pellentesque viverra pede ac diam. Cras pellentesque volutpat dui.;2eace2bb-4871-4696-875d-9484f7291d75;Aenean lectus. Pellentesque eget nunc. Donec quis orci eget orci vehicula condimentum.;1;2;3;2018-02-15T21:12:49Z;2018-02-15T21:12:49Z
12004907-20f0-4e97-a75b-06c6dd80f66d;Maecenas ut massa quis augue luctus tincidunt. Nulla mollis molestie lorem. Quisque ut erat.;a741d85b-d6db-4b3b-b871-79acf9ef52cb;Duis consequat dui nec nisi volutpat eleifend. Donec ut dolor. Morbi vel lectus in quam fringilla rhoncus.;4;5;2;2018-05-28T18:10:47Z;2018-05-28T18:10:47Z
fbab68e1-d613-4233-8c26-3a1005fdc090;Maecenas leo odio, condimentum id, luctus nec, molestie sed, justo. Pellentesque viverra pede ac diam. Cras pellentesque volutpat dui.;11539e8c-a4df-4337-8b9c-5c0474c854b4;Fusce posuere felis sed lacus. Morbi sem mauris, laoreet ut, rhoncus aliquet, pulvinar sed, nisl. Nunc rhoncus dui vel sem.;3;3;1;2018-05-14T12:28:18Z;2018-05-14T12:28:18Z
3dcf8688-cc9b-4b3f-b3dd-fe5861b761ac;Suspendisse potenti. In eleifend quam a odio. In hac habitasse platea dictumst.;a20f3ffb-09a1-48aa-a9f6-7183584944d7;Integer ac leo. Pellentesque ultrices mattis odio. Donec vitae nisi.;3;1;4;2018-08-14T05:35:13Z;2018-08-14T05:35:13Z
a7877ff2-460f-4459-be01-ca057e743509;Integer tincidunt ante vel ipsum. Praesent blandit lacinia erat. Vestibulum sed magna at nunc commodo placerat.;46b01037-6029-449d-b48f-8d8f9308c192;Sed sagittis. Nam congue, risus semper porta volutpat, quam pede lobortis ligula, sit amet eleifend pede libero quis orci. Nullam molestie nibh in lectus.;4;1;1;2020-04-05T07:10:08Z;2020-04-05T07:10:08Z
b984a50f-196f-4800-8d70-8a2999a001c4;Sed sagittis. Nam congue, risus semper porta volutpat, quam pede lobortis ligula, sit amet eleifend pede libero quis orci. Nullam molestie nibh in lectus.;8a1935d7-26e6-4e36-94ff-765d0f2304f1;Cras non velit nec nisi vulputate nonummy. Maecenas tincidunt lacus at velit. Vivamus vel nulla eget eros elementum pellentesque.;1;2;3;2020-06-17T01:54:08Z;2020-06-17T01:54:08Z
1b197702-690b-44ac-8b8e-a01cbe876a7e;"Quisque id justo sit amet sapien dignissim vestibulum. Vestibulum ante ipsum primis in faucibus orci luctus et ultrices posuere cubilia Curae; Nulla dapibus dolor vel est. Donec odio justo, sollicitudin ut, suscipit a, feugiat et, eros.";a741d85b-d6db-4b3b-b871-79acf9ef52cb;Cras non velit nec nisi vulputate nonummy. Maecenas tincidunt lacus at velit. Vivamus vel nulla eget eros elementum pellentesque.;1;4;5;2019-04-03T17:31:30Z;2019-04-03T17:31:30Z
06d8f177-ab0e-44a9-bb1e-8ae84b747719;Proin leo odio, porttitor id, consequat in, consequat ut, nulla. Sed accumsan felis. Ut at dolor quis odio consequat varius.;c518be09-08a7-41bb-a32d-690ed6e5046a;Fusce posuere felis sed lacus. Morbi sem mauris, laoreet ut, rhoncus aliquet, pulvinar sed, nisl. Nunc rhoncus dui vel sem.;5;3;4;2019-02-08T17:06:34Z;2019-02-08T17:06:34Z
8104f99a-132c-4778-ac98-11f4b7e58bb3;Duis bibendum, felis sed interdum venenatis, turpis enim blandit mi, in porttitor pede justo eu massa. Donec dapibus. Duis at velit eu est congue elementum.;46b01037-6029-449d-b48f-8d8f9308c192;Fusce consequat. Nulla nisl. Nunc nisl.;2;2;3;2019-12-02T00:41:29Z;2019-12-02T00:41:29Z
46eb02dd-43bc-424f-ab08-064f05ae1229;Proin leo odio, porttitor id, consequat in, consequat ut, nulla. Sed accumsan felis. Ut at dolor quis odio consequat varius.;a741d85b-d6db-4b3b-b871-79acf9ef52cb;"Vestibulum quam sapien, varius ut, blandit non, interdum in, ante. Vestibulum ante ipsum primis in faucibus orci luctus et ultrices posuere cubilia Curae; Duis faucibus accumsan odio. Curabitur convallis.";4;4;1;2019-07-25T20:05:32Z;2019-07-25T20:05:32Z
ef606d40-b472-4383-9505-7d02931c2afb;Nullam porttitor lacus at turpis. Donec posuere metus vitae ipsum. Aliquam non mauris.;46b01037-6029-449d-b48f-8d8f9308c192;In hac habitasse platea dictumst. Etiam faucibus cursus urna. Ut tellus.;3;4;1;2020-12-18T14:28:26Z;2020-12-18T14:28:26Z
642b03f2-17c1-46a0-9c82-56386531c579;Phasellus in felis. Donec semper sapien a libero. Nam dui.;3a48c513-1a33-4509-bc8b-4cecaa9eb143;Integer ac leo. Pellentesque ultrices mattis odio. Donec vitae nisi.;5;5;3;2018-03-19T19:08:51Z;2018-03-19T19:08:51Z
47947b5e-139d-4335-81e5-fb4b3f317e11;Maecenas ut massa quis augue luctus tincidunt. Nulla mollis molestie lorem. Quisque ut erat.;8333b764-8252-4e16-ab4a-34163af0d61f;Praesent id massa id nisl venenatis lacinia. Aenean sit amet justo. Morbi ut odio.;2;1;5;2020-11-12T17:19:20Z;2020-11-12T17:19:20Z
cd70baaf-536e-435d-ab83-7d57de128aa9;Morbi non lectus. Aliquam sit amet diam in magna bibendum imperdiet. Nullam orci pede, venenatis non, sodales sed, tincidunt eu, felis.;1100b07f-e203-43e5-9f0d-93f2e1a28cfb;Aenean lectus. Pellentesque eget nunc. Donec quis orci eget orci vehicula condimentum.;2;2;3;2019-03-10T00:13:15Z;2019-03-10T00:13:15Z
6c21c2d5-4f77-4dbf-ad2e-4dd8c50839e0;Maecenas ut massa quis augue luctus tincidunt. Nulla mollis molestie lorem. Quisque ut erat.;11539e8c-a4df-4337-8b9c-5c0474c854b4;In hac habitasse platea dictumst. Etiam faucibus cursus urna. Ut tellus.;2;1;5;2018-09-18T01:01:26Z;2018-09-18T01:01:26Z
4b8fda97-f33f-4577-a118-2521845e53f9;Duis aliquam convallis nunc. Proin at turpis a pede posuere nonummy. Integer non velit.;46b01037-6029-449d-b48f-8d8f9308c192;Nulla ut erat id mauris vulputate elementum. Nullam varius. Nulla facilisi.;2;3;3;2019-06-05T09:34:14Z;2019-06-05T09:34:14Z
79be6207-5df5-4016-933f-2dd1764637c2;Nullam porttitor lacus at turpis. Donec posuere metus vitae ipsum. Aliquam non mauris.;a741d85b-d6db-4b3b-b871-79acf9ef52cb;Cum sociis natoque penatibus et magnis dis parturient montes, nascetur ridiculus mus. Vivamus vestibulum sagittis sapien. Cum sociis natoque penatibus et magnis dis parturient montes, nascetur ridiculus mus.;5;5;5;2018-08-16T12:37:56Z;2018-08-16T12:37:56Z
7f92c806-6a33-43e2-9ec8-08405ff9e469;Cum sociis natoque penatibus et magnis dis parturient montes, nascetur ridiculus mus. Vivamus vestibulum sagittis sapien. Cum sociis natoque penatibus et magnis dis parturient montes, nascetur ridiculus mus.;a741d85b-d6db-4b3b-b871-79acf9ef52cb;"Donec diam neque, vestibulum eget, vulputate ut, ultrices vel, augue. Vestibulum ante ipsum primis in faucibus orci luctus et ultrices posuere cubilia Curae; Donec pharetra, magna vestibulum aliquet ultrices, erat tortor sollicitudin mi, sit amet lobortis sapien sapien non mi. Integer ac neque.";1;4;2;2020-06-21T17:37:07Z;2020-06-21T17:37:07Z
01fe2d86-e592-410e-8829-4878fe83a4fe;"Donec diam neque, vestibulum eget, vulputate ut, ultrices vel, augue. Vestibulum ante ipsum primis in faucibus orci luctus et ultrices posuere cubilia Curae; Donec pharetra, magna vestibulum aliquet ultrices, erat tortor sollicitudin mi, sit amet lobortis sapien sapien non mi. Integer ac neque.";46b01037-6029-449d-b48f-8d8f9308c192;Nullam sit amet turpis elementum ligula vehicula consequat. Morbi a ipsum. Integer a nibh.;4;5;5;2019-02-10T05:44:07Z;2019-02-10T05:44:07Z
792963d8-b5b4-486d-911c-8ebabac739bf;Curabitur at ipsum ac tellus semper interdum. Mauris ullamcorper purus sit amet nulla. Quisque arcu libero, rutrum ac, lobortis vel, dapibus at, diam.;1100b07f-e203-43e5-9f0d-93f2e1a28cfb;Aliquam quis turpis eget elit sodales scelerisque. Mauris sit amet eros. Suspendisse accumsan tortor quis turpis.;2;3;5;2020-01-08T01:08:20Z;2020-01-08T01:08:20Z
c5700f6c-e416-426b-a4d9-81b6341bd179;Praesent blandit. Nam nulla. Integer pede justo, lacinia eget, tincidunt eget, tempus vel, pede.;a741d85b-d6db-4b3b-b871-79acf9ef52cb;Vestibulum ac est lacinia nisi venenatis tristique. Fusce congue, diam id ornare imperdiet, sapien urna pretium nisl, ut volutpat sapien arcu sed augue. Aliquam erat volutpat.;3;2;4;2020-12-11T16:22:51Z;2020-12-11T16:22:51Z
90e3a1a3-b8b9-4333-a74d-5a6adacd1995;Fusce consequat. Nulla nisl. Nunc nisl.;1100b07f-e203-43e5-9f0d-93f2e1a28cfb;Etiam vel augue. Vestibulum rutrum rutrum neque. Aenean auctor gravida sem.;2;5;4;2018-05-23T08:02:52Z;2018-05-23T08:02:52Z
3ce91dc2-a33c-49ac-b1d8-3bf1492ad09e;Nulla ut erat id mauris vulputate elementum. Nullam varius. Nulla facilisi.;46b01037-6029-449d-b48f-8d8f9308c192;Praesent id massa id nisl venenatis lacinia. Aenean sit amet justo. Morbi ut odio.;2;2;5;2020-11-05T17:14:38Z;2020-11-05T17:14:38Z
